Workbook

Sheet PIVOTA
A2: DEMOGRAPHICS | B2: Sum of TOTAL
A3: TOTAL TEACHING AND RELATED TEACHER TO BE TRAINED | B3: 880
A4: TOTAL TEACHERS TARGETTED TO BE TRAINED | B4: 840
A5: TOTAL SCHOOL HEADS TARGETTED TO BE TRAINED | B5: 28
A6: TOTAL SUPERVISORS TARGETTED TO BE TRAINED | B6: 12
A7: Grand Total | B7: 1760
A9: DEMOGRAPHICS | B9: Sum of TOTAL
A10: NO. OF ACTIVITIES SCHEDULED IN MAY | B10: 7
A11: NO. OF ACTIVITIES SCHEDULED IN JUNE | B11: 3
A12: NO. OF ACTIVITIES SCHEDULED IN SEPTEMBER | B12: 3
A13: Grand Total | B13: 13
A15: DEMOGRAPHICS | B15: Sum of TOTAL
A16: NO. OF ACTIVITIES IN WFP | B16: 14
A17: NO. OF QA ACTIVITY PROPOSALS (INITIAL) | B17: 9
A18: NO. OF ACTIVITY PROPOSALS WITH BUDGET VARIANCE (WFP vs Proposal) | B18: 1
A19: NO. OF QA ACTIVITY PROPOSALS (FINAL) | B19: 0
A20: Grand Total | B20: 24

Sheet DASHBOARD DATA
A1: ACTIVITY DEMOGRAPHICS | B1: TOTAL
A2: NO. OF ACTIVITIES IN WFP | B2: 14
A3: NO. OF QA ACTIVITY PROPOSALS (INITIAL) | B3: ='TAB 2- MAIN'!D17 -> 9
A4: NO. OF ACTIVITY PROPOSALS WITH BUDGET VARIANCE (WFP vs Proposal) | B4: ='TAB 2- MAIN'!G17 -> 1
A5: NO. OF ACTIVITIES SCHEDULED IN MAY | B5: 7
A6: NO. OF ACTIVITIES SCHEDULED IN JUNE | B6: 3
A7: NO. OF ACTIVITIES SCHEDULED IN SEPTEMBER | B7: 3
A8: TOTAL TEACHERS TARGETTED TO BE TRAINED | B8: ='TAB 2- MAIN'!J18 -> 840
A9: TOTAL SCHOOL HEADS TARGETTED TO BE TRAINED | B9: ='TAB 2- MAIN'!K18 -> 28
A10: TOTAL SUPERVISORS TARGETTED TO BE TRAINED | B10: ='TAB 2- MAIN'!L18 -> 12
A11: TOTAL TEACHING AND RELATED TEACHER TO BE TRAINED | B11: =SUM(B8:B10) -> 880
A12: NO. OF QA ACTIVITY PROPOSALS (FINAL) | B12: ='TAB 2- MAIN'!O18 -> 0
A14: QA COMPLIANCE CHECKLIST
A15: NO. OF ACTIVITY PROPOSALS THAT SATISFIED ALL QA INDICATORS | B15: ='Tab 1 -QA COMPLIANCE CHECKLIST'!Q17 -> 0
A16: ='Tab 1 -QA COMPLIANCE CHECKLIST'!C3 -> MASTERING ASSESSMENT FOR TEACHING AND HIGHER-ORDER LEARNING
A17: ='Tab 1 -QA COMPLIANCE CHECKLIST'!C4 -> INSTRUCTIONAL LEADERSHIP UPSKILLING ON INCLUSIVE PEDAGOGY FOR GENERAL EDUCATION RECEIVING TEACHERS
A18: ='Tab 1 -QA COMPLIANCE CHECKLIST'!C5 -> STEM IN MOTION: Instructional Leadership Training on Content, Pedagogy, and Utlization of Mathematics and Science Equipment
A19: ='Tab 1 -QA COMPLIANCE CHECKLIST'!C6 -> CID-ILTABS (JHS AND SHS)
A20: ='Tab 1 -QA COMPLIANCE CHECKLIST'!C7 -> DEEPENING INSTRUCTIONAL LEADERSHIP IN EVERY CLASSROOM THROUGH LITERACY DEVELOPMENT
A21: ='Tab 1 -QA COMPLIANCE CHECKLIST'!C8 -> EMPOWERING ALS CHAMPIONS'' LITERACY AND NUMERACY INSTRUCTION
A22: ='Tab 1 -QA COMPLIANCE CHECKLIST'!C9 -> STRENGTENING BEGINNING LITERACY INSTRUCTION OF UNTRAINED KINDERGARTEN TEACHERS THROUGH SCIENCE OF READING
A23: ='Tab 1 -QA COMPLIANCE CHECKLIST'!C10 -> INSTRUCTIONAL LEADERSHIP TRAINING NON-MAJORS IN VALUES EDUCATION INSTRUCTION AND PERSONAL TRANSFORMATION
A24: ='Tab 1 -QA COMPLIANCE CHECKLIST'!C11 -> INSTRUCTIONAL LEADERSHIP ON PEDAGOGY FOR NON-MAPEH MAJORS
A25: ='Tab 1 -QA COMPLIANCE CHECKLIST'!C12 -> ADVANCING STEM LEARNING: Capacitating Senior High School teachers for the Strengthened Mathematics and Science Curriculum
A26: ='Tab 1 -QA COMPLIANCE CHECKLIST'!C13 -> Advancing Instructional Leadership on Pedagogical, Precision, and Interdisciplinary Practice for VALSNED Teachers
A27: ='Tab 1 -QA COMPLIANCE CHECKLIST'!C14 -> PRACTICAL KINDERGARTEN STRATEGIES IN UNDERSTANDING AND MANAGING LEARNER BEHAVIOR
... A31: ='Tab 1 -QA COMPLIANCE CHECKLIST'!C18 -> 0

Sheet DASHBOARD
A1: CID PPA DASHBOARD (2027)
G22: ='DASHBOARD DATA'!B15 -> 0 | H22: NO. OF PPAS THAT SATISFIED ALL QA COMPLIANCE INDICATORS
N27: HRTD
K28: ='TAB 2- MAIN'!E18 -> 4122970
A30: CODE | B30: LIST OF 2027 CID PPAS | J30: PROPONENT/S | L30: STATUS OF PROPOSAL
A31: ='TAB 2- MAIN'!B3 -> CID-A1 | B31: ='DASHBOARD DATA'!A16 -> MASTERING ASSESSMENT FOR TEACHING AND HIGHER-ORDER LEARNING | J31: ='TAB 2- MAIN'!A3 -> DOC SORIANO DOC PRONDO DOC CARLOS DOC TUGADE | L31: ='TAB 2- MAIN'!P3 -> REFINEMENT
A32: ='TAB 2- MAIN'!B4 -> CID-A2 | B32: ='DASHBOARD DATA'!A17 -> INSTRUCTIONAL LEADERSHIP UPSKILLING ON INCLUSIVE PEDAGOGY FOR GENERAL EDUCATION RECEIVING TEACHERS | J32: ='TAB 2- MAIN'!A4 -> DOC PANGAN | L32: ='TAB 2- MAIN'!P4 -> REFINEMENT | N32: %
A33: ='TAB 2- MAIN'!B5 -> CID-A3 | B33: ='DASHBOARD DATA'!A18 -> STEM IN MOTION: Instructional Leadership Training on Content, Pedagogy, and Utlization of Mathematics and Science Equipment | J33: ='TAB 2- MAIN'!A5 -> DOC PRONDO | L33: ='TAB 2- MAIN'!P5 -> REFINEMENT
A34: ='TAB 2- MAIN'!B6 -> CID-A4 | B34: ='DASHBOARD DATA'!A19 -> CID-ILTABS (JHS AND SHS) | J34: ='TAB 2- MAIN'!A6 -> DR. SALVADOR | L34: ='TAB 2- MAIN'!P6 -> REFINEMENT
A35: ='TAB 2- MAIN'!B7 -> CID-A5 | B35: ='DASHBOARD DATA'!A20 -> DEEPENING INSTRUCTIONAL LEADERSHIP IN EVERY CLASSROOM THROUGH LITERACY DEVELOPMENT | J35: ='TAB 2- MAIN'!A7 -> DOC. TUGADE | L35: ='TAB 2- MAIN'!P7 -> REFINEMENT
A36: ='TAB 2- MAIN'!B8 -> CID-A6 | B36: ='DASHBOARD DATA'!A21 -> EMPOWERING ALS CHAMPIONS'' LITERACY AND NUMERACY INSTRUCTION | J36: ='TAB 2- MAIN'!A8 -> DOC TEJADA | L36: ='TAB 2- MAIN'!P8 -> REFINEMENT
A37: ='TAB 2- MAIN'!B9 -> CID-A7 | B37: ='DASHBOARD DATA'!A22 -> STRENGTENING BEGINNING LITERACY INSTRUCTION OF UNTRAINED KINDERGARTEN TEACHERS THROUGH SCIENCE OF READING | J37: ='TAB 2- MAIN'!A9 -> DR. MATIC | L37: ='TAB 2- MAIN'!P9 -> REFINEMENT
A38: ='TAB 2- MAIN'!B10 -> CID-A8 | B38: ='DASHBOARD DATA'!A23 -> INSTRUCTIONAL LEADERSHIP TRAINING NON-MAJORS IN VALUES EDUCATION INSTRUCTION AND PERSONAL TRANSFORMATION | J38: ='TAB 2- MAIN'!A10 -> DR. SALVADOR | L38: ='TAB 2- MAIN'!P10 -> REFINEMENT
A39: ='TAB 2- MAIN'!B11 -> CID-A9 | B39: ='DASHBOARD DATA'!A24 -> INSTRUCTIONAL LEADERSHIP ON PEDAGOGY FOR NON-MAPEH MAJORS | J39: ='TAB 2- MAIN'!A11 -> DOC GALICIA | L39: ='TAB 2- MAIN'!P11 -> REFINEMENT
A40: ='TAB 2- MAIN'!B12 -> CID-A10 | B40: ='DASHBOARD DATA'!A25 -> ADVANCING STEM LEARNING: Capacitating Senior High School teachers for the Strengthened Mathematics and Science Curriculum | J40: ='TAB 2- MAIN'!A12 -> DOC SORIANO DOC PRONDO DOC LLANERA | L40: ='TAB 2- MAIN'!P12 -> REFINEMENT
A41: ='TAB 2- MAIN'!B13 -> CID-A11 | B41: ='DASHBOARD DATA'!A26 -> Advancing Instructional Leadership on Pedagogical, Precision, and Interdisciplinary Practice for VALSNED Teachers | J41: ='TAB 2- MAIN'!A13 -> DOC PANGAN | L41: ='TAB 2- MAIN'!P13 -> REFINEMENT | N41: %
A42: ='TAB 2- MAIN'!B14 -> CID-A12 | B42: ='DASHBOARD DATA'!A27 -> PRACTICAL KINDERGARTEN STRATEGIES IN UNDERSTANDING AND MANAGING LEARNER BEHAVIOR | J42: ='TAB 2- MAIN'!A14 -> DOC MATIC | L42: ='TAB 2- MAIN'!P14 -> REFINEMENT
A43: ='TAB 2- MAIN'!B15 -> CID-A13 | B43: ='DASHBOARD DATA'!A28 -> Capacity Building for Araling Panlipunan Master Teachers on Instructional Coaching, Mentoring & Classroom Observation Protocols | J43: ='TAB 2- MAIN'!A15 -> ASDS ERNEST | L43: ='TAB 2- MAIN'!P15 -> REFINEMENT
A44: ='TAB 2- MAIN'!B16 -> CID-A14 | B44: ='DASHBOARD DATA'!A29 -> IMPACT: Integrating Modern Pedagogy, Assessment, Competencies, and Technology | J44: ='TAB 2- MAIN'!A16 -> DOC MANIQUIS | L44: ='TAB 2- MAIN'!P16 -> REFINEMENT

Sheet Tab 1 -QA COMPLIANCE CHECKLIST
A1: PROPONENT/S | B1: ACTIVITY NUMBER | C1: ACTIVITY TITLES | D1: PEDAGOGY (1) | E1: A. SOURCE OF FUND (2) | F1: B. DATE OF CONDUCT (3) | G1: C. DURATION (4) | H1: D. VENUE (5) | I1: E. PERSONS INVOLVED (6) | J1: F. ACTIVITY RATIONALE (7) | K1: F. OBJECTIVES (8) TO = Terminal Objective EO = Enabling Objective | L1: G. EXPECTED OUTPUT/S (9) | M1: H. RESOURCE/ BUDGETARY REQUIREMENTS (10) | N1: TRAINING MATRIX (11) | O1: TOTAL NUMBER OF QA COMPLIANCE INDICATORS = 11
B2: (Put this as your allocated Activity Number in the proposal) | E2: Clearly specified the Fund source (HRTD/GASS/STO) | F2: Specific dates are stated | G2: Days/Hours incurred are stated | H2: Generically identified (for external providers) or Specifically identifies SDO/LGU facility to be used | I2: *TOTAL PAX are stated *No. of Teachers/ School Heads/ Supervisors participants are segmented into job groups *No. of PMT is computed (top management, RPs/LFs, TWGs, etc are explicitly shown) | J2: *Needs Assessment is stated (SDO controlled/initiated) *if for cascading, higher office mandate/s is/are mentioned and evidenced with policy citation *End goals are mentioned | K2: *TO is/are outcome stated (as either to contribute to improved comptency, professional practice, performance, application) *Enabling Objectives are behavioral and observable (what will participants actually do in the activity) *Enabling objectives are aligned to the TO | L2: *Outputs are tangible as product of the activities done across training sessions) *Outputs are clearly delineated as to involved job groups (Teachers, School Heads, Supervisors) | M2: *Budger Breakdown is clearly stated | N2: *sessions are presented *QAME/ Debriefing is included | O2: NO. OF INDICATORS MET | P2: NO. OF INDICATORS NOT MET | Q2: ALL MET?
A3: DOC SORIANO DOC PRONDO DOC CARLOS DOC TUGADE | B3: CID-A1 | C3: MASTERING ASSESSMENT FOR TEACHING AND HIGHER-ORDER LEARNING | D3: PASSED | E3: PASSED | F3: PASSED | G3: PASSED | H3: Remove the training venue specification in this part | I3: Reconfigure in proposal as stated: TOTAL: 124 DETAILS 100 Teachers (20 teachers for English, Math, Science, AP and Filipino learning Areas) PMT (14) 5 EPS, 1 M&E, 1 Medical, 1 SDS/ASDS, 1 CHIEF, 5 PSDS | J3: PASSED | K3: The EOs seem to be overwhelming. Revisit the EOs, are these achievable after the training duration? Also, avoid double-barreled objectives (verbs, eg. Construct, Validate, Improve). Be realistic and practical. | L3: EO 1 is not an output. Explicity delineate ouputs: For teachers: 1. 2. 3. For School Heads 1. 2. | M3: PASSED | N3: PASSED | O3: =COUNTIF(D3:N3, "PASSED") -> 7 | P3: =11-O3 -> 4 | Q3: NOT ALL QA COMPLIANCE INDICATORS MET
A4: DOC PANGAN | B4: CID-A2 | C4: INSTRUCTIONAL LEADERSHIP UPSKILLING ON INCLUSIVE PEDAGOGY FOR GENERAL EDUCATION RECEIVING TEACHERS | E4: PASSED | F4: NO PROPOSAL SUBMITTED FOR QA | G4: NO PROPOSAL SUBMITTED FOR QA | H4: NO PROPOSAL SUBMITTED FOR QA | I4: NO PROPOSAL SUBMITTED FOR QA | J4: NO PROPOSAL SUBMITTED FOR QA | K4: NO PROPOSAL SUBMITTED FOR QA | L4: NO PROPOSAL SUBMITTED FOR QA | M4: NO PROPOSAL SUBMITTED FOR QA | N4: NO PROPOSAL SUBMITTED FOR QA | O4: NO PROPOSAL SUBMITTED FOR QA | P4: =11-O4 -> #VALUE! | Q4: NOT ALL QA COMPLIANCE INDICATORS MET
A5: DOC PRONDO | B5: CID-A3 | C5: STEM IN MOTION: Instructional Leadership Training on Content, Pedagogy, and Utlization of Mathematics and Science Equipment | E5: PASSED | F5: PASSED | G5: PASSED | H5: PASSED | I5: Reconfigure in proposal as stated: TOTAL: 134 DETAILS 42 Elementary Teachers (MTs/District Coordinators) 70 Secondary Teachers (MTs/District Coordinators) 4 School Heads (Consultants) PMT (18) 2 EPSvr, 8 Resource Speakers, who/what are the composition of teh 8 PMT (please specify) | J5: Provide evidenced-based incorporate SDO data, you can consider stating the realities of the learning area in terms of proficiency, mastery, performance level, or even observations gathered from school visits | K5: The EOs seem to be overwhelming. Revisit the EOs, are these achievable after the training duration? Also, avoid double-barreled objectives (verbs, eg. Construct, Validate, Improve). Be realistic and practical. | L5: Explicity delineate ouputs: For teachers: 1. 2. 3. For School Heads 1. 2. | M5: PASSED | N5: PASSED | O5: =COUNTIF(E5:N5, "PASSED") -> 6 | P5: =11-O5 -> 5 | Q5: NOT ALL QA COMPLIANCE INDICATORS MET
A6: DR. SALVADOR | B6: CID-A4 | C6: CID-ILTABS (JHS AND SHS) | E6: PASSED | F6: PASSED | G6: PASSED | H6: PASSED | I6: Reconfigure in proposal as stated: TOTAL: 112 DETAILS 72 Teachers (preferably TIII or higher, distributed across learning areas) 21 SHS Teachers ((preferably TIII or higher) PMT (17) 1 SDS 1 ASDS 1 Chief 4 Resource Persons who are the remaining ? Please explicity state as to their position and roles e.g. 1 EPS Values - PMT lead 1 Nurse - Medical Officer 1 ... | J6: PASSED | K6: Remove "1" in TO since you only have one. EOs are OK. | L6: PASSED | M6: PASSED | N6: Specifically include QAME in the matrix on a daily basis | O6: =COUNTIF(E6:N6, "PASSED") -> 7 | P6: =11-O6 -> 4 | Q6: NOT ALL QA COMPLIANCE INDICATORS MET
A7: DOC. TUGADE | B7: CID-A5 | C7: DEEPENING INSTRUCTIONAL LEADERSHIP IN EVERY CLASSROOM THROUGH LITERACY DEVELOPMENT | E7: PASSED | F7: PASSED | G7: PASSED | H7: change "with in" to "within" | I7: Reconfigure in proposal as stated: TOTAL: 70 DETAILS 50 Key Elementary (10 per learning Area) PMT (20) 4 EPSvr(English, Values, MAPEH, TLE) 1 EPSA 1 SDS 1 ASDS 1 CID CHIEF 6 RPs 1 Medical Representative 1 IT 4 TWG (mention the job group/poistion, please specify their roles, e.g. documentation, program, etc.) | J7: PASSED | K7: TO is OK. EOs' articulation is good, yet it appears overwhelming, can these be achieved after the training duration, if you are sure that these EOs will be translated across sessions you may retain. If not, recalibrate as to practicality. | L7: OK | M7: PASSED | N7: PASSED | O7: =COUNTIF(E7:N7, "PASSED") -> 6 | P7: =11-O7 -> 5 | Q7: NOT ALL QA COMPLIANCE INDICATORS MET
A8: DOC TEJADA | B8: CID-A6 | C8: EMPOWERING ALS CHAMPIONS'' LITERACY AND NUMERACY INSTRUCTION | E8: PASSED | F8: NO PROPOSAL SUBMITTED FOR QA | G8: NO PROPOSAL SUBMITTED FOR QA | H8: NO PROPOSAL SUBMITTED FOR QA | I8: NO PROPOSAL SUBMITTED FOR QA | J8: NO PROPOSAL SUBMITTED FOR QA | K8: NO PROPOSAL SUBMITTED FOR QA | L8: NO PROPOSAL SUBMITTED FOR QA | M8: NO PROPOSAL SUBMITTED FOR QA | N8: NO PROPOSAL SUBMITTED FOR QA | O8: NO PROPOSAL SUBMITTED FOR QA | P8: =11-O8 -> #VALUE! | Q8: NOT ALL QA COMPLIANCE INDICATORS MET
A9: DR. MATIC | B9: CID-A7 | C9: STRENGTENING BEGINNING LITERACY INSTRUCTION OF UNTRAINED KINDERGARTEN TEACHERS THROUGH SCIENCE OF READING | E9: PASSED | F9: PASSED | G9: PASSED | H9: PASSED | I9: Reconfigure in proposal as stated: TOTAL: 135 DETAILS: 114 Kindergarten Teachers 4 School Head Consultants 6 PSDS (Elementary) PMT (11) 1 EPSvr - Kinder 1 Chief 1 QAME-TWG 8 Resource Persons | J9: PASSED | K9: You have double-barreled objective. Please rectify Obj. no. 3 | L9: Explicity delineate ouputs: For teachers: 1. 2. 3. For School Heads 1. 2. | M9: PASSED | N9: For DAY 3, it is suggested that QAME be done before the closing program. | O9: =COUNTIF(E9:N9, "PASSED") -> 6 | P9: =11-O9 -> 5 | Q9: NOT ALL QA COMPLIANCE INDICATORS MET
A10: DR. SALVADOR | B10: CID-A8 | C10: INSTRUCTIONAL LEADERSHIP TRAINING NON-MAJORS IN VALUES EDUCATION INSTRUCTION AND PERSONAL TRANSFORMATION | E10: PASSED | F10: PASSED | G10: PASSED | H10: PASSED | I10: Reconfigure in proposal as stated: TOTAL: 70 26 Elementary Teachers 25 Secondary Teachers 6 School Head Consultants PMT (13) 1 EPSvr - Values 1 IT 1 Nurse 1 M&E 6 Resource Persons 1 SDS 1 ASDS 1 CID CHIEF | J10: The rationale is good, but would be better if SDO data/gaps/challenges on CICL and CAR are situated, you may relate this to current realities that the SDO is facing, bullying in classes, occurrence of cases involving violence of children, abuse etc. That through the activity such unwanter and unwarranted cases/instances happen through instructional leadership. This would connect it to SDO priorities on a proponent level. | K10: Remove "1" in TO since you only have one. EOs' articulation is good, yet it appears overwhelming, can these be achieved after the training duration, if you are sure that these EOs will be translated across sessions you may retain. If not, recalibrate as to practicality. | L10: Provide WAP context. What is the fous? You just mentioned Values Education. Please revise. | M10: Numbers in Frequency Column need to be rectified. "1" to "3" | N10: Specifically include QAME in the matrix on a daily basis | O10: =COUNTIF(E10:N10, "PASSED") -> 4 | P10: =11-O10 -> 7 | Q10: NOT ALL QA COMPLIANCE INDICATORS MET
A11: DOC GALICIA | B11: CID-A9 | C11: INSTRUCTIONAL LEADERSHIP ON PEDAGOGY FOR NON-MAPEH MAJORS | E11: PASSED | F11: NO PROPOSAL SUBMITTED FOR QA | G11: NO PROPOSAL SUBMITTED FOR QA | H11: NO PROPOSAL SUBMITTED FOR QA | I11: NO PROPOSAL SUBMITTED FOR QA | J11: NO PROPOSAL SUBMITTED FOR QA | K11: NO PROPOSAL SUBMITTED FOR QA | L11: NO PROPOSAL SUBMITTED FOR QA | M11: NO PROPOSAL SUBMITTED FOR QA | N11: NO PROPOSAL SUBMITTED FOR QA | O11: NO PROPOSAL SUBMITTED FOR QA | P11: =11-O11 -> #VALUE! | Q11: NOT ALL QA COMPLIANCE INDICATORS MET
A12: DOC SORIANO DOC PRONDO DOC LLANERA | B12: CID-A10 | C12: ADVANCING STEM LEARNING: Capacitating Senior High School teachers for the Strengthened Mathematics and Science Curriculum | E12: PASSED | F12: PASSED | G12: PASSED | H12: PASSED | I12: Reconfigure in proposal as stated: TOTAL: 135 DETAILS: 114 Kindergarten Teachers 4 School Head Consultants 6 PSDS (Elementary) PMT (11) 1 EPSvr - Kinder 1 Chief 1 QAME-TWG 8 Resource Persons | J12: PASSED | K12: PASSED | L12: Removed "a". | M12: PASSED | N12: For DAY 3, it is suggested that QAME be done before the closing program. | O12: =COUNTIF(E12:N12, "PASSED") -> 7 | P12: =11-O12 -> 4 | Q12: NOT ALL QA COMPLIANCE INDICATORS MET
A13: DOC PANGAN | B13: CID-A11 | C13: Advancing Instructional Leadership on Pedagogical, Precision, and Interdisciplinary Practice for VALSNED Teachers | E13: PASSED | F13: NO PROPOSAL SUBMITTED FOR QA | G13: NO PROPOSAL SUBMITTED FOR QA | H13: NO PROPOSAL SUBMITTED FOR QA | I13: NO PROPOSAL SUBMITTED FOR QA | J13: NO PROPOSAL SUBMITTED FOR QA | K13: NO PROPOSAL SUBMITTED FOR QA | L13: NO PROPOSAL SUBMITTED FOR QA | M13: NO PROPOSAL SUBMITTED FOR QA | N13: NO PROPOSAL SUBMITTED FOR QA | O13: NO PROPOSAL SUBMITTED FOR QA | P13: =11-O13 -> #VALUE! | Q13: NOT ALL QA COMPLIANCE INDICATORS MET
A14: DOC MATIC | B14: CID-A12 | C14: PRACTICAL KINDERGARTEN STRATEGIES IN UNDERSTANDING AND MANAGING LEARNER BEHAVIOR | E14: PASSED | F14: PASSED | G14: PASSED | H14: PASSED | I14: Reconfigure in proposal as stated: TOTAL: 109 DETAILS: 88 Kindergarten Teachers 4 School Head Consultants 6 PSDS (Elementary) PMT (11) 1 EPSvr - Kinder 1 Chief 1 QAME-TWG 8 Resource Persons | J14: PASSED | K14: On TO, It's too long, reprhase please. One liner/paragraph will do. On EOs, Obj. 4 "commit" is not measurable, qualify this commitment by putting qualifiers, e.g. Commit to.... by annotating classroom startegies used in lesson plans as evidence of learning. | L14: Explicity delineate ouputs: For teachers: 1. 2. 3. For School Heads 1. 2. | M14: On resource requirement, how do you define "very good training facilities", provide specs or descriptions at to what you mean by "very good". Budget breakdown PASSED | N14: =SUM(J14:M14) -> 0 | O14: =COUNTIF(E14:N14, "PASSED") -> 5 | P14: =11-O14 -> 6 | Q14: NOT ALL QA COMPLIANCE INDICATORS MET
A15: ASDS ERNEST | B15: CID-A13 | C15: Capacity Building for Araling Panlipunan Master Teachers on Instructional Coaching, Mentoring & Classroom Observation Protocols | E15: PASSED | F15: NO PROPOSAL SUBMITTED FOR QA | G15: NO PROPOSAL SUBMITTED FOR QA | H15: NO PROPOSAL SUBMITTED FOR QA | I15: NO PROPOSAL SUBMITTED FOR QA | J15: NO PROPOSAL SUBMITTED FOR QA | K15: NO PROPOSAL SUBMITTED FOR QA | L15: NO PROPOSAL SUBMITTED FOR QA | M15: NO PROPOSAL SUBMITTED FOR QA | N15: NO PROPOSAL SUBMITTED FOR QA | O15: NO PROPOSAL SUBMITTED FOR QA | P15: =11-O15 -> #VALUE! | Q15: NOT ALL QA COMPLIANCE INDICATORS MET
A16: DOC MANIQUIS | B16: CID-A14 | C16: IMPACT: Integrating Modern Pedagogy, Assessment, Competencies, and Technology | E16: PASSED | F16: PASSED | G16: Just put 3 days | H16: PASSED | I16: Reconfigure in proposal as stated: TOTAL PAX: 149 132 Elementary Teachers PMT (17) Specify the 5 TWG composition 1 SDS 1 ASDS 1 Chief 9 Speakers | J16: Revise, provide institutional data, SDO context, observed field gaps as EPS, performance data to strengten the foundation of the proposal. | K16: Revise TO, include in the last line the practice or improvement you expect to achive as result on what you mentioned in the initial lines or consider this as your TO: *** At the end of the activity, participants will be able to improve tcompetence in developing authentic assessments by designing, refining, and utilizing Performance-Based Assessment (PBA) tasks and rubrics aligned with EPP-TLE learning competencies and performance standards. | L16: PASSED | M16: PASSED | N16: PASSED | O16: =COUNTIF(E16:N16, "PASSED") -> 6 | P16: =11-O16 -> 5 | Q16: NOT ALL QA COMPLIANCE INDICATORS MET
Q17: =COUNTIF(Q3:Q16,"ALL QA COMPLIANCE INDICATORS MET") -> 0

Sheet TAB 2- MAIN
A1: PROPONENT/S | B1: ACTIVITY NUMBER | C1: ACTIVITY TITLES | D1: PROPOSAL SUBMITTED FOR QUALITY ASSURANCE | E1: WFP ALLOCATED BUDGET | F1: ACTUAL BUGDET IN PROPOSAL | G1: VARIANCE | H1: IINCLUSIVE DATES | J1: BREAKDOWN OF INVOLVED | O1: QUALITY-ASSURED PROPOSAL SUBMITTED | P1: STATUS
H2: FROM | I2: TO | J2: TEACHER PAX | K2: SCHOOL HEAD PAX | L2: SUPEVISOR PAX | M2: PMT (with RPs/LFs) | N2: TOTAL PAX
A3: DOC SORIANO DOC PRONDO DOC CARLOS DOC TUGADE | B3: CID-A1 | C3: MASTERING ASSESSMENT FOR TEACHING AND HIGHER-ORDER LEARNING | D3: SUBMITTED | E3: 744000 | F3: 744000 | G3: =E3-F3 -> 0 | H3: 46153 | I3: 46155 | J3: 100 | K3: 10 | L3: 0 | M3: 14 | N3: =SUM(J3:M3) -> 124 | O3: NO SUBMISSION | P3: REFINEMENT
A4: DOC PANGAN | B4: CID-A2 | C4: INSTRUCTIONAL LEADERSHIP UPSKILLING ON INCLUSIVE PEDAGOGY FOR GENERAL EDUCATION RECEIVING TEACHERS | D4: NO SUBMISSION | E4: 286000 | F4: - | G4: =E4-F4 -> #VALUE! | H4: - | I4: - | J4: - | K4: - | L4: - | M4: - | N4: =SUM(J4:M4) -> 0 | O4: NO SUBMISSION | P4: REFINEMENT
A5: DOC PRONDO | B5: CID-A3 | C5: STEM IN MOTION: Instructional Leadership Training on Content, Pedagogy, and Utlization of Mathematics and Science Equipment | D5: SUBMITTED | E5: 167070 | F5: 167070 | G5: =E5-F5 -> 0 | H5: 46161 | I5: 46163 | J5: 112 | K5: 4 | L5: 0 | M5: 18 | N5: =SUM(J5:M5) -> 134 | O5: NO SUBMISSION | P5: REFINEMENT
A6: DR. SALVADOR | B6: CID-A4 | C6: CID-ILTABS (JHS AND SHS) | D6: SUBMITTED | E6: 694420 | F6: 694420 | G6: =E6-F6 -> 0 | H6: 46169 | I6: 46171 | J6: 93 | K6: 0 | L6: 0 | M6: 19 | N6: =SUM(J6:M6) -> 112 | O6: NO SUBMISSION | P6: REFINEMENT
A7: DOC. TUGADE | B7: CID-A5 | C7: DEEPENING INSTRUCTIONAL LEADERSHIP IN EVERY CLASSROOM THROUGH LITERACY DEVELOPMENT | D7: SUBMITTED | E7: 420000 | F7: 420000 | G7: =E7-F7 -> 0 | H7: 46148 | I7: 46150 | J7: 50 | K7: 0 | L7: 0 | M7: 20 | N7: =SUM(J7:M7) -> 70 | O7: NO SUBMISSION | P7: REFINEMENT
A8: DOC TEJADA | B8: CID-A6 | C8: EMPOWERING ALS CHAMPIONS'' LITERACY AND NUMERACY INSTRUCTION | D8: NO SUBMISSION | E8: 235600 | F8: - | G8: =E8-F8 -> #VALUE! | H8: 46167 | I8: 46169 | J8: - | K8: - | L8: - | M8: - | N8: =SUM(J8:M8) -> 0 | O8: NO SUBMISSION | P8: REFINEMENT
A9: DR. MATIC | B9: CID-A7 | C9: STRENGTENING BEGINNING LITERACY INSTRUCTION OF UNTRAINED KINDERGARTEN TEACHERS THROUGH SCIENCE OF READING | D9: SUBMITTED | E9: 223550 | F9: 223550 | G9: =E9-F9 -> 0 | H9: 46174 | I9: 46176 | J9: 114 | K9: 4 | L9: 6 | M9: 11 | N9: =SUM(J9:M9) -> 135 | O9: NO SUBMISSION | P9: REFINEMENT
A10: DR. SALVADOR | B10: CID-A8 | C10: INSTRUCTIONAL LEADERSHIP TRAINING NON-MAJORS IN VALUES EDUCATION INSTRUCTION AND PERSONAL TRANSFORMATION | D10: SUBMITTED | E10: 420000 | F10: 420000 | G10: =E10-F10 -> 0 | H10: 46162 | I10: 46164 | J10: 51 | K10: 6 | L10: 0 | M10: 13 | N10: =SUM(J10:M10) -> 70 | O10: NO SUBMISSION | P10: REFINEMENT
A11: DOC GALICIA | B11: CID-A9 | C11: INSTRUCTIONAL LEADERSHIP ON PEDAGOGY FOR NON-MAPEH MAJORS | D11: NO SUBMISSION | E11: 146200 | F11: - | G11: =E11-F11 -> #VALUE! | H11: 46174 | I11: 46176 | J11: - | K11: - | L11: - | M11: - | N11: =SUM(J11:M11) -> 0 | O11: NO SUBMISSION | P11: REFINEMENT
A12: DOC SORIANO DOC PRONDO DOC LLANERA | B12: CID-A10 | C12: ADVANCING STEM LEARNING: Capacitating Senior High School teachers for the Strengthened Mathematics and Science Curriculum | D12: SUBMITTED | E12: 115500 | F12: 115500 | G12: =E12-F12 -> 0 | H12: 46271 | I12: 46273 | J12: 100 | K12: 0 | L12: 0 | M12: 10 | N12: =SUM(J12:M12) -> 110 | O12: NO SUBMISSION | P12: REFINEMENT
A13: DOC PANGAN | B13: CID-A11 | C13: Advancing Instructional Leadership on Pedagogical, Precision, and Interdisciplinary Practice for VALSNED Teachers | D13: NO SUBMISSION | E13: 192000 | F13: - | G13: =E13-F13 -> #VALUE! | H13: 46167 | I13: 46169 | J13: - | K13: - | L13: - | M13: - | N13: =SUM(J13:M13) -> 0 | O13: NO SUBMISSION | P13: REFINEMENT
A14: DOC MATIC | B14: CID-A12 | C14: PRACTICAL KINDERGARTEN STRATEGIES IN UNDERSTANDING AND MANAGING LEARNER BEHAVIOR | D14: SUBMITTED | E14: 197950 | F14: 197950 | G14: =E14-F14 -> 0 | H14: 46272 | I14: 46274 | J14: 88 | K14: 4 | L14: 6 | M14: 11 | N14: =SUM(J14:M14) -> 109 | O14: NO SUBMISSION | P14: REFINEMENT
A15: ASDS ERNEST | B15: CID-A13 | C15: Capacity Building for Araling Panlipunan Master Teachers on Instructional Coaching, Mentoring & Classroom Observation Protocols | D15: NO SUBMISSION | E15: 71680 | F15: - | G15: =E15-F15 -> #VALUE! | H15: 46274 | I15: 46275 | J15: - | K15: - | L15: - | M15: - | N15: =SUM(J15:M15) -> 0 | O15: NO SUBMISSION | P15: REFINEMENT
A16: DOC MANIQUIS | B16: CID-A14 | C16: IMPACT: Integrating Modern Pedagogy, Assessment, Competencies, and Technology | D16: SUBMITTED | E16: 209000 | F16: 208415 | G16: =E16-F16 -> 585 | H16: 46174 | I16: 46176 | J16: 132 | K16: 0 | L16: 0 | M16: 17 | N16: =SUM(J16:M16) -> 149 | O16: NO SUBMISSION | P16: REFINEMENT
D17: =COUNTIF(D3:D16, "SUBMITTED") -> 9 | G17: =COUNTIF(G3:G16,">1") -> 1
E18: =SUM(E3:E16) -> 4122970 | H18: MAY | I18: 7 | J18: =SUM(J3:J16) -> 840 | K18: =SUM(K3:K16) -> 28 | L18: =SUM(L3:L16) -> 12 | M18: =SUM(M3:M16) -> 133 | N18: =SUM(N3:N16) -> 1013 | O18: =COUNTIF(O3:O16, "SUBMITTED") -> 0
H19: JUNE | I19: 3 | J19: TEACHER PAX | K19: SCHOOL HEAD PAX | L19: SUPEVISOR PAX | M19: PMT (with RPs/LFs) | N19: =SUM(J18:L18) -> 880
H20: SEPTEMBER | I20: 3
